,Date,name,name,name,name
0,12/31/2019,Emmalynne Cleve,Caryl Iglesia,Clio Ruthen,
1,12/30/2019,Caryl Iglesia,Emmalynne Cleve,Clio Ruthen,
2,12/29/2019,Rossy Abramamov,Lucien Duckers,Brittaney Blown,
3,12/28/2019,Zarla Kleinber,Germana Cornewall,Theodoric Darthe,
4,12/27/2019,Seymour O'Keaveny,Germana Cornewall,Alis Thomasset,
5,12/26/2019,Seymour O'Keaveny,Alla Rayson,Alis Thomasset,
6,12/23/2019,Zarla Kleinber,Alla Rayson,Deina Aldin,
7,12/22/2019,Bondy Bellsham,Deina Aldin,Lucien Duckers,
8,12/21/2019,Florance Harkin,Rossy Abramamov,Jacklyn Carlon,
9,12/1/2019,Arnie Gregon,Jacklyn Carlon,Thorny Gravenall,Finley Westfalen
10,11/30/2019,Arnie Gregon,Joane Toffanini,Theodoric Darthe,
11,11/29/2019,Thorny Gravenall,Florance Harkin,Joane Toffanini,
12,11/27/2019,Brittaney Blown,Bondy Bellsham,Finley Westfalen,
